,Engines
Acton,1
Addington,2
Barking,2
Barnet,1
Battersea,1
Beckenham,1
Bethnal Green,1
Bexley,1
Biggin Hill,1
Brixton,2
Bromley,2
Chelsea,1
Chingford,1
Chiswick,1
Clapham,1
Croydon,2
Dagenham,2
Deptford,1
Dockhead,1
Dowgate,1
Ealing,1
East Greenwich,2
East Ham,1
Edmonton,2
Eltham,1
Enfield,2
Erith,1
Euston,1
Feltham,2
Finchley,2
Forest Hill,1
Fulham,1
Greenwich,1
Hainault,1
Hammersmith,2
Harold Hill,1
Harrow,1
Hayes,1
Heathrow,1
Hendon,2
Heston,2
Hillingdon,2
Holloway,1
Homerton,2
Hornchurch,1
Hornsey,2
Ilford,2
Islington,1
Kensington,1
Kentish Town,2
Kingston,2
Lambeth,2
Lee Green,1
Lewisham,1
Leyton,2
Leytonstone,1
Mill Hill,1
Millwall,1
Mitcham,1
New Cross,1
New Malden,1
Norbury,2
North Kensington,2
Northolt,2
Old Kent Road,1
Orpington,2
Paddington,2
Park Royal,1
Peckham,1
Plaistow,1
Plumstead,2
Poplar,1
Purley,1
Richmond,1
Romford,1
Ruislip,1
Shadwell,1
Shoreditch,1
Sidcup,2
Soho,2
Southall,2
Southgate,1
Stanmore,2
Stoke Newington,2
Stratford,1
Surbiton,1
Sutton,2
Tooting,2
Tottenham,2
Twickenham,2
Wallington,1
Walthamstow,2
Wandsworth,1
Wembley,2
Wennington,1
West Hampstead,2
West Norwood,2
Whitechapel,1
Willesden,1
Wimbledon,1
Woodford,1
Woodside,1
